110001,110950
110002,110951
110003,110953
110004,110954
110005,110956
110006,120875
110007,110957
110008,110958
110009,110959
110010,110960
110011,110961
110012,110083
110012,120868
110013,120090
110013,120869
110014,110084
110014,120870
110015,110949
110015,120091
110016,110085
110016,120871
110017,120092
110017,120872
110018,110950
110018,120093
110019,110954
110019,120095
110020,120096
110020,120873
110021,110088
110021,110955
110022,110089
110022,110956
110023,110091
110023,120875
110024,110093
110024,110959
110025,110960
110025,120098
110026,110094
110026,110961
110027,120099
110027,120849
110028,110097
110028,120850
110029,120100
110029,120852
110030,110100
110030,110930
110031,110932
110031,120103
110032,110933
110032,120104
110033,110102
110033,121489
110034,110934
110034,120105
110035,110935
110035,120106
110036,110104
110036,110936
110037,110105
110037,120858
110038,110937
110038,120108
110039,120109
110039,120859
110040,110106
110040,120862
110041,110107
110041,120863
110042,110110
110042,110940
110043,110113
110043,110944
110044,110946
110044,120116
110045,110114
110045,120866
110046,110947
110046,120117
110047,120119
110047,120849
110048,110119
110048,120851
110049,110121
110049,120854
110050,120124
110050,121489
110051,110936
110051,120126
110052,110937
110052,120127
110053,110126
110053,120859
110054,110128
110054,120863
110055,110129
110055,110938
110056,110130
110056,120864
110057,110131
110057,110941
110058,110133
110058,110943
110059,110134
110059,110944
110060,110137
110060,110946
110061,110138
110061,110947
110062,120134
110062,121422
110063,110140
110063,110929
110064,110141
110064,120850
110065,110143
110065,120852
110066,120139
110066,120855
110067,110145
110067,110932
110068,121432
110068,121489
110069,110153
110069,120859
110070,120142
110070,120861
110071,110154
110071,120862
110072,110158
110072,110941
110073,110942
110073,120145
110074,110160
110074,110944
110075,110161
110075,120865
110076,120148
110076,120866
110077,110163
110077,110947
110078,110165
110078,121422
110079,110166
110079,110929
110080,110167
110080,120850
110081,110168
110081,120851
110082,110930
110082,120151
110083,110171
110083,110931
110084,110173
110084,110932
110085,120152
110085,121489
110086,110176
110086,110936
110087,110177
110087,120857
110088,120155
110088,120859
110089,120156
110089,120860
110090,120157
110090,120861
110091,120158
110091,120862
110092,110180
110092,120863
110093,110939
110093,120159
110094,120160
110094,120864
110095,110941
110095,120161
110096,110943
110096,120162
110097,110183
110097,110944
110098,120163
110098,120865
110099,110946
110099,120165
110100,120166
110100,120866
110101,120167
110101,120867
110102,110186
110102,120820
110103,110895
110103,120171
110104,110896
110104,120172
110105,120173
110105,120823
110106,120175
110106,120825
110107,110192
110107,120826
110108,110193
110108,120827
110109,110194
110109,110901
110110,120176
110110,120828
110111,110902
110111,120177
110112,110195
110112,120830
110113,120180
110113,120831
110114,120183
110114,120834
110115,110196
110115,110905
110116,120185
110116,120835
110117,110908
110117,121425
110118,110909
110118,120187
110119,110910
110119,120188
110120,110199
110120,110911
110121,110912
110121,120189
110122,110202
110122,110916
110123,110204
110123,120839
110124,110205
110124,120841
110125,110920
110125,120194
110126,120195
110126,120843
110127,110921
110127,120196
110128,110208
110128,121445
110129,110922
110129,120198
110130,120199
110130,120847
110131,110211
110131,110924
110132,110925
110132,120200
110133,110212
110133,110926
110134,110213
110134,110927
110135,110928
110135,120201
110136,110214
110136,121442
110137,120202
110137,120848
110138,110868
110138,120205
110139,110869
110139,120206
110140,110871
110140,120207
110141,110872
110141,120208
110142,110216
110142,110873
110143,110874
110143,120209
110144,110217
110144,110877
110145,110219
110145,110879
110146,110220
110146,110880
110147,110222
110147,110867
110148,110223
110148,110868
110149,110869
110149,120213
110150,110224
110150,120810
110151,110225
110151,110871
110152,110226
110152,110872
110153,110873
110153,120215
110154,110876
110154,120218
110155,110227
110155,110877
110156,120811
110156,121439
110157,110228
110157,110880
110158,110229
110158,110844
110159,120787
110159,121451
110160,110845
110160,120222
110161,110230
110161,110846
110162,110849
110162,120224
110163,110850
110163,120225
110164,110232
110164,120789
110165,110851
110165,120226
110166,120227
110166,120791
110167,110852
110167,120228
110168,110234
110168,120792
110169,120793
110169,121421
110170,120231
110170,120796
110171,110235
110171,110853
110172,110854
110172,121476
110173,110236
110173,110855
110174,120232
110174,120797
110175,120235
110175,120798
110176,110238
110176,120799
110177,110859
110177,120236
110178,120237
110178,120800
110179,120238
110179,120801
110180,110243
110180,120691
110181,110244
110181,110757
110182,110245
110182,121466
110183,120240
110183,121430
110184,110254
110184,110766
110185,110767
110185,120241
110186,110768
110186,120242
110187,110259
110187,120697
110188,120244
110188,120699
110189,110261
110189,110769
110190,110262
110190,110770
110191,120246
110191,120702
110192,110263
110192,120703
110193,110772
110193,120248
110194,120249
110194,120704
110195,110266
110195,110774
110196,120255
110196,120710
110197,110271
110197,121492
110198,110276
110198,120712
110199,110277
110199,110782
110200,110278
110200,120713
110201,110279
110201,120715
110202,120258
110202,120716
110203,120259
110203,120718
110204,120260
110204,120719
110205,110786
110205,120262
110206,120264
110206,120721
110207,110283
110207,120724
110208,110789
110208,120268
110209,120269
110209,120725
110210,110791
110210,120270
110211,120272
110211,120727
110212,120273
110212,120728
110213,110286
110213,110793
110214,110795
110214,120274
110215,110293
110215,120733
110216,110296
110216,110798
110217,110299
110217,120738
110218,110300
110218,110800
110219,110301
110219,110802
110220,120277
110220,120739
110221,110803
110221,120278
110222,110302
110222,120740
110223,120741
110223,121474
110224,120279
110224,120743
110225,110304
110225,120744
110226,120281
110226,120745
110227,110305
110227,120747
110228,110306
110228,120750
110229,110808
110229,120289
110230,110308
110230,120753
110231,110810
110231,120292
110232,110309
110232,120755
110233,110311
110233,120757
110234,120760
110234,121480
110235,110818
110235,120301
110236,110313
110236,120761
110237,110824
110237,120304
110238,110825
110238,120305
110239,110317
110239,120763
110240,121414
110240,121468
110241,120309
110241,120764
110242,110318
110242,110828
110243,110319
110243,120765
110244,110320
110244,120766
110245,110830
110245,120310
110246,110322
110246,120767
110247,110323
110247,120768
110248,110325
110248,120770
110249,110831
110249,120312
110250,110832
110250,120313
110251,110326
110251,120772
110252,120314
110252,120773
110253,110327
110253,110833
110254,110328
110254,121404
110255,110834
110255,120315
110256,110329
110256,120774
110257,110330
110257,120777
110258,110331
110258,120778
110259,110701
110259,120317
110260,110704
110260,120320
110261,120321
110261,120654
110262,120322
110262,120655
110263,120324
110263,120658
110264,120328
110264,120661
110265,110335
110265,120662
110266,110336
110266,120663
110267,110337
110267,110701
110268,110338
110268,110702
110269,120330
110269,120655
110270,110342
110270,120656
110271,110343
110271,110705
110272,110344
110272,120657
110273,120331
110273,120658
110274,110345
110274,120659
110275,110346
110275,110706
110276,110707
110276,120332
110277,120333
110277,120660
110278,120661
110278,121488
110279,120335
110279,120663
110280,110701
110280,120336
110281,110349
110281,110703
110282,110350
110282,120654
110283,120660
110283,121457
110284,110356
110284,120662
110285,110360
110285,110703
110286,120344
110286,120654
110287,110361
110287,120655
110288,110362
110288,110705
110289,110363
110289,120657
110290,120346
110290,120658
110291,110364
110291,120659
110292,110365
110292,110706
110293,110366
110293,110707
110294,110367
110294,120660
110295,110368
110295,120662
110296,110369
110296,120663
110297,110370
110297,110708
110298,120001
110299,120003
110300,120004
110301,120006
110302,120007
110303,110004
110304,110005
110305,110010
110306,110014
110307,110016
110308,120011
110309,110022
110310,120013
110311,110023
110312,110025
110313,120018
110314,110029
110315,110030
110316,120020
110317,110034
110318,110036
110319,120024
110320,110037
110321,110038
110322,120025
110323,120026
110324,110040
110325,110041
110326,120029
110327,120031
110328,120032
110329,120033
110330,110045
110331,120035
110332,110048
110333,120041
110334,110049
110335,110050
110336,120047
110337,120049
110338,110051
110339,120050
110340,120051
110341,110052
110342,120052
110343,120053
110344,120054
110345,110055
110346,120055
110347,110059
110348,120059
110349,110060
110350,120061
110351,110061
110352,120062
110353,120063
110354,110063
110355,110065
110356,120067
110357,110066
110358,110067
110359,120069
110360,110068
110361,120072
110362,120074
110363,120075
110364,110069
110365,120076
110366,110070
110367,110071
110368,120078
110369,120079
110370,120080
110371,110073
110372,120082
110373,120084
110374,110077
110375,120086
110376,110078
110377,110081
110378,121424
110379,120089
110380,120090
110381,120091
110382,120092
110383,120093
110384,120094
110385,110087
110386,120096
110387,110091
110388,110092
110389,110093
110390,120098
110391,110095
110392,110096
110393,110097
110394,110098
110395,120101
110396,120103
110397,110102
110398,110103
110399,120106
110400,110104
110401,110105
110402,120108
110403,120110
110404,120111
110405,110108
110406,110109
110407,120112
110408,120113
110409,110112
110410,120116
110411,110114
110412,110115
110413,110116
110414,120119
110415,110118
110416,120120
110417,110120
110418,120121
110419,110121
110420,120122
110421,120123
110422,120125
110423,110123
110424,110124
110425,110125
110426,120127
110427,110127
110428,120128
110429,110131
110430,110132
110431,110133
110432,110134
110433,110138
110434,110139
110435,120135
110436,110140
110437,110141
110438,120136
110439,121432
110440,110147
110441,110149
110442,120140
110443,110151
110444,110152
110445,120141
110446,120142
110447,110154
110448,110155
110449,110157
110450,110158
110451,110159
110452,110160
110453,110161
110454,120146
110455,120147
110456,120148
110457,110165
110458,120149
110459,120151
110460,110170
110461,110171
110462,110172
110463,110173
110464,110174
110465,120152
110466,110176
110467,110177
110468,110178
110469,110179
110470,120155
110471,120156
110472,120157
110473,110180
110474,110181
110475,110182
110476,121452
110477,120163
110478,120165
110479,120167
110480,110184
110481,110186
110482,120171
110483,110189
110484,110190
110485,120174
110486,120175
110487,110193
110488,120176
110489,120177
110490,120178
110491,120181
110492,120183
110493,110196
110494,120184
110495,120185
110496,110197
110497,110201
110498,120190
110499,110203
110500,120194
110501,110207
110502,110209
110503,110210
110504,120199
110505,110213
110506,120201
110507,110214
110508,120202
110509,120204
110510,120205
110511,120209
110512,120210
110513,110217
110514,110218
110515,120212
110516,110220
110517,110222
110518,110225
110519,110226
110520,120216
110521,120218
110522,110227
110523,121439
110524,120220
110525,110229
110526,121451
110527,110231
110528,120223
110529,120224
110530,120225
110531,110232
110532,120226
110533,110233
110534,110234
110535,121421
110536,120229
110537,120230
110538,120233
110539,110238
110540,120237
110541,120238
110542,110239
110543,110240
110544,110242
110545,121462
110546,110245
110547,110246
110548,110247
110549,120239
110550,110248
110551,110250
110552,110251
110553,110253
110554,110254
110555,110255
110556,120241
110557,120242
110558,110259
110559,120243
110560,120244
110561,110260
110562,110261
110563,110262
110564,120245
110565,120247
110566,110263
110567,120250
110568,110264
110569,120253
110570,120254
110571,110269
110572,110271
110573,110272
110574,110273
110575,110274
110576,110275
110577,110277
110578,110278
110579,120256
110580,110281
110581,110282
110582,120260
110583,120261
110584,120262
110585,120265
110586,110284
110587,120269
110588,120271
110589,120272
110590,110285
110591,120273
110592,110290
110593,110292
110594,110293
110595,110294
110596,120275
110597,110295
110598,110297
110599,110298
110600,120276
110601,110301
110602,120278
110603,110303
110604,120279
110605,120282
110606,120286
110607,120287
110608,120288
110609,120289
110610,120291
110611,110308
110612,120292
110613,120293
110614,120295
110615,120296
110616,110309
110617,110312
110618,120298
110619,120301
110620,110313
110621,110314
110622,120303
110623,120304
110624,120305
110625,120306
110626,121414
110627,110318
110628,110319
110629,110320
110630,110321
110631,120310
110632,110324
110633,110325
110634,120312
110635,110326
110636,120314
110637,110327
110638,110329
110639,120316
110640,120322
110641,110332
110642,120323
110643,120324
110644,110334
110645,120328
110646,110335
110647,110336
110648,110338
110649,110340
110650,110342
110651,110346
110652,120332
110653,120333
110654,110349
110655,110353
110656,120339
110657,121457
110658,110358
110659,110359
110660,110360
110661,120344
110662,110361
110663,120345
110664,110364
110665,110365
110666,110366
110667,110368
110668,110369
110669,110370
110670,120347
110671,110371
110672,120350
110673,110373
110674,120352
110675,120353
110676,110374
110677,110375
110678,120354
110679,120355
110680,110377
110681,120358
110682,110379
110683,120359
110684,120360
110685,110383
110686,110384
110687,120362
110688,110386
110689,120366
110690,110387
110691,110388
110692,110391
110693,110393
110694,120370
110695,120371
110696,110395
110697,120374
110698,110397
110699,110400
110700,110402
110701,120377
110702,110403
110703,110404
110704,120378
110705,120380
110706,110409
110707,120382
110708,110412
110709,110413
110710,110414
110711,110415
110712,120388
110713,110416
110714,110419
110715,110421
110716,120391
110717,120392
110718,110423
110719,110424
110720,110428
110721,120395
110722,120396
110723,120398
110724,110432
110725,120402
110726,121440
110727,120403
110728,120404
110729,110434
110730,120405
110731,110435
110732,110436
110733,110437
110734,120406
110735,120408
110736,120409
110737,120410
110738,120411
110739,120412
110740,120413
110741,110439
110742,110440
110743,120415
110744,110442
110745,110443
110746,120416
110747,110445
110748,110446
110749,110447
110750,110448
110751,120418
110752,120419
110753,110449
110754,120420
110755,110451
110756,110452
110757,110455
110758,120422
110759,120423
110760,110457
110761,120425
110762,120426
110763,120427
110764,120428
110765,110459
110766,110460
110767,110463
110768,110464
110769,110468
110770,110469
110771,110472
110772,110473
110773,121499
110774,110476
110775,120434
110776,120435
110777,120436
110778,110479
110779,110480
110780,120439
110781,120440
110782,120442
110783,110483
110784,110484
110785,120447
110786,110488
110787,110489
110788,120448
110789,120451
110790,120452
110791,110493
110792,110496
110793,120454
110794,120455
110795,120456
110796,120458
110797,120461
110798,110499
110799,120465
110800,110500
110801,120467
110802,120468
110803,120470
110804,110503
110805,120475
110806,110506
110807,120476
110808,120477
110809,120478
110810,120482
110811,110511
110812,120483
110813,110513
110814,120486
110815,120487
110816,120488
110817,120489
110818,110518
110819,110519
110820,110520
110821,120491
110822,110521
110823,110522
110824,120492
110825,110523
110826,120493
110827,110525
110828,120496
110829,110528
110830,110529
110831,120499
110832,110534
110833,110537
110834,120501
110835,121428
110836,110539
110837,110541
110838,110542
110839,120508
110840,120509
110841,120510
110842,110545
110843,110548
110844,110550
110845,110551
110846,110552
110847,110553
110848,110554
110849,110555
110850,120514
110851,110557
110852,110558
110853,110564
110854,120517
110855,110565
110856,120518
110857,120519
110858,121475
110859,120520
110860,120523
110861,120524
110862,110569
110863,110571
110864,120526
110865,110572
110866,120004
110867,110002
110868,120007
110869,110003
110870,120008
110871,120009
110872,110005
110873,120010
110874,110006
110875,110007
110876,110008
110877,110009
110878,110010
110879,110012
110880,110013
110881,110014
110882,110015
110883,121410
110884,110019
110885,110021
110886,120013
110887,120014
110888,120015
110889,110025
110890,110026
110891,120016
110892,120017
110893,110028
110894,120018
110895,110030
110896,120021
110897,120022
110898,110032
110899,110033
110900,110034
110901,110037
110902,110039
110903,120025
110904,110042
110905,120030
110906,120031
110907,120033
110908,120034
110909,110044
110910,110045
110911,110046
110912,120037
110913,110047
110914,120038
110915,120039
110916,110048
110917,120040
110918,120041
110919,120042
110920,120045
110921,120047
110922,120050
110923,110052
110924,120052
110925,120053
110926,120054
110927,110054
110928,110055
110929,120057
110930,110060
110931,120061
110932,120062
110933,110062
110934,110063
110935,120064
110936,110065
110937,120067
110938,120070
110939,120071
110940,120072
110941,120074
110942,120075
110943,121437
110944,110069
110945,110070
110946,110071
110947,120079
110948,120080
110949,120082
110950,120083
110951,120084
110952,110076
110953,120085
110954,110077
110955,110078
110956,120087
110957,110081
110958,121424
110959,120088
110960,110082
110961,120089
120001,120868
120002,120869
120003,120870
120004,110949
120005,120871
120006,120872
120007,110952
120008,120873
120009,110955
120010,120874
120011,110951
120011,120094
120012,110087
120012,110953
120013,110090
120013,120874
120014,110092
120014,110957
120015,110958
120015,120097
120016,110095
120016,121422
120017,110096
120017,110929
120018,110098
120018,120851
120019,110099
120019,120853
120020,110101
120020,120854
120021,110931
120021,120101
120022,120102
120022,120855
120023,110103
120023,120856
120024,120107
120024,120857
120025,120110
120025,120860
120026,120111
120026,120861
120027,110108
120027,110938
120028,110109
120028,110939
120029,110111
120029,120864
120030,110941
120030,120112
120031,110942
120031,120113
120032,110112
120032,110943
120033,120114
120033,120865
120034,110945
120034,120115
120035,110115
120035,120867
120036,110116
120036,110948
120037,120118
120037,121422
120038,110117
120038,110929
120039,110118
120039,120850
120040,120120
120040,120852
120041,110120
120041,120853
120042,110930
120042,120121
120043,110931
120043,121500
120044,120122
120044,120855
120045,110932
120045,120123
120046,110122
120046,110933
120047,110934
120047,120125
120048,120856
120048,121490
120049,110123
120049,110935
120050,110124
120050,120857
120051,110125
120051,120858
120052,110127
120052,120860
120053,120128
120053,120861
120054,120129
120054,120862
120055,110939
120055,120130
120056,110940
120056,120131
120057,110132
120057,110942
120058,110135
120058,120865
120059,110136
120059,110945
120060,120132
120060,120866
120061,120133
120061,120867
120062,110139
120062,110948
120063,120135
120063,120849
120064,110142
120064,120851
120065,120136
120065,120853
120066,110930
120066,120137
120067,110144
120067,120854
120068,110931
120068,120138
120069,110146
120069,110933
120070,110147
120070,110934
120071,110148
120071,120856
120072,110149
120072,110935
120073,110150
120073,110936
120074,120140
120074,120857
120075,110151
120075,120858
120076,120141
120076,120860
120077,110155
120077,120863
120078,110938
120078,120143
120079,110156
120079,110939
120080,110940
120080,120144
120081,110157
120081,120864
120082,110159
120082,110943
120083,110945
120083,120146
120084,110946
120084,120147
120085,110162
120085,120867
120086,110164
120086,110948
120087,120149
120087,120849
120088,120150
120088,120853
120089,110170
120089,120854
120090,110172
120090,120855
120091,110174
120091,110933
120092,110934
120092,120153
120093,110175
120093,120856
120094,110935
120094,120154
120095,110178
120095,120858
120096,110179
120096,110937
120097,110181
120097,110938
120098,110182
120098,110940
120099,110942
120099,121452
120100,110945
120100,120164
120101,110184
120101,110947
120102,110948
120102,120168
120103,110893
120103,120169
120104,110185
120104,110894
120105,120170
120105,120821
120106,110187
120106,120822
120107,110188
120107,110897
120108,110189
120108,110898
120109,110190
120109,110899
120110,110900
120110,120174
120111,110191
120111,120824
120112,110903
120112,120178
120113,120179
120113,120829
120114,120181
120114,120832
120115,120833
120115,121455
120116,110904
120116,120182
120117,110906
120117,120184
120118,110197
120118,120836
120119,110907
120119,120186
120120,110198
120120,120837
120121,110200
120121,120838
120122,110914
120122,120190
120123,110915
120123,120191
120124,110917
120124,121484
120125,110203
120125,110918
120126,120193
120126,120840
120127,110206
120127,120842
120128,120197
120128,120844
120129,110207
120129,120845
120130,110209
120130,120846
120131,110210
120131,110923
120132,120203
120132,120809
120133,110867
120133,120204
120134,110215
120134,120810
120135,110870
120135,121447
120136,110875
120136,120210
120137,110876
120137,120211
120138,110218
120138,110878
120139,120212
120139,120811
120140,110870
120140,120214
120141,110874
120141,120216
120142,110875
120142,120217
120143,110878
120143,120219
120144,110879
120144,120220
120145,120221
120145,120786
120146,110231
120146,120788
120147,110847
120147,121406
120148,110848
120148,120223
120149,110233
120149,120790
120150,120229
120150,120794
120151,120230
120151,120795
120152,110856
120152,120233
120153,110857
120153,120234
120154,110237
120154,110858
120155,110239
120155,110860
120156,110240
120156,110861
120157,110241
120157,110862
120158,110242
120158,120802
120159,121449
120159,121462
120160,110246
120160,110758
120161,110247
120161,110759
120162,110248
120162,120692
120163,110249
120163,110761
120164,110250
120164,110762
120165,110251
120165,110763
120166,110252
120166,110764
120167,110253
120167,110765
120168,110255
120168,120693
120169,110256
120169,120694
120170,110257
120170,120695
120171,110258
120171,120696
120172,120243
120172,120698
120173,110260
120173,120700
120174,120245
120174,120701
120175,110771
120175,120247
120176,120250
120176,120705
120177,120251
120177,120706
120178,110264
120178,110773
120179,110265
120179,120707
120180,110775
120180,120252
120181,110267
120181,110776
120182,110777
120182,120253
120183,120254
120183,120709
120184,110269
120184,110778
120185,110270
120185,110779
120186,110272
120186,110780
120187,110274
120187,121431
120188,110275
120188,120711
120189,120256
120189,120714
120190,110783
120190,120257
120191,110280
120191,110784
120192,110282
120192,110785
120193,120261
120193,120720
120194,110787
120194,120263
120195,110788
120195,120265
120196,120266
120196,120722
120197,120267
120197,120723
120198,110284
120198,110790
120199,120271
120199,120726
120200,110285
120200,110792
120201,110287
120201,110794
120202,110288
120202,120729
120203,110289
120203,120730
120204,110290
120204,110796
120205,110291
120205,120731
120206,110292
120206,120732
120207,110797
120207,120275
120208,110295
120208,120735
120209,110297
120209,120736
120210,110298
120210,120737
120211,110799
120211,120276
120212,110801
120212,121460
120213,110303
120213,120742
120214,110804
120214,120280
120215,120282
120215,120746
120216,110805
120216,120283
120217,120284
120217,121429
120218,110806
120218,120285
120219,120286
120219,120748
120220,120288
120220,120749
120221,110307
120221,110809
120222,120291
120222,120752
120223,120294
120223,120754
120224,110812
120224,120295
120225,110813
120225,120296
120226,110310
120226,120756
120227,120297
120227,120758
120228,120759
120228,121426
120229,110815
120229,120298
120230,110816
120230,120299
120231,110817
120231,120300
120232,110314
120232,110820
120233,110821
120233,120303
120234,110315
120234,110822
120235,110316
120235,110823
120236,120306
120236,120762
120237,110826
120237,120307
120238,110827
120238,120308
120239,110324
120239,120769
120240,120311
120240,120771
120241,120316
120241,120775
120242,120776
120242,121494
120243,110702
120243,120318
120244,110703
120244,120319
120245,110332
120245,120656
120246,110705
120246,120323
120247,110333
120247,120657
120248,110334
120248,120659
120249,110706
120249,120325
120250,110707
120250,120326
120251,120327
120251,120660
120252,110708
120252,120329
120253,110339
120253,110703
120254,110340
120254,110704
120255,110341
120255,120654
120256,120334
120256,120662
120257,110347
120257,110708
120258,110348
120258,110702
120259,110704
120259,120337
120260,110351
120260,120655
120261,110352
120261,120656
120262,110705
120262,120338
120263,110353
120263,120657
120264,110354
120264,120658
120265,120339
120265,120659
120266,110706
120266,120340
120267,110355
120267,110707
120268,120341
120268,120661
120269,120342
120269,120663
120270,110357
120270,110708
120271,110358
120271,110701
120272,110359
120272,110702
120273,110704
120273,120343
120274,120345
120274,120656
120275,120661
120275,121412
120276,120002
120277,110001
120278,110002
120279,120008
120280,120009
120281,120010
120282,110006
120283,110007
120284,110008
120285,110009
120286,110011
120287,110012
120288,110013
120289,110015
120290,110017
120291,110018
120292,121410
120293,120012
120294,110019
120295,110020
120296,110021
120297,120014
120298,110026
120299,120016
120300,110027
120301,120017
120302,110028
120303,120019
120304,120021
120305,120022
120306,110031
120307,110032
120308,110033
120309,110035
120310,110039
120311,120027
120312,120028
120313,110042
120314,120030
120315,110043
120316,120034
120317,110046
120318,120036
120319,120037
120320,110047
120321,120038
120322,120039
120323,120040
120324,120042
120325,120043
120326,120044
120327,120045
120328,120046
120329,120048
120330,110053
120331,110054
120332,120056
120333,110056
120334,120057
120335,110058
120336,120058
120337,120060
120338,110062
120339,110064
120340,120064
120341,120066
120342,120068
120343,120070
120344,120071
120345,120073
120346,121437
120347,120081
120348,110072
120349,110074
120350,110075
120351,120083
120352,110076
120353,120085
120354,120087
120355,110079
120356,110080
120357,120088
120358,110082
120359,110083
120360,110084
120361,110085
120362,110086
120363,120095
120364,110088
120365,110089
120366,110090
120367,110094
120368,120099
120369,120100
120370,110099
120371,110100
120372,110101
120373,120102
120374,120104
120375,120105
120376,120107
120377,120109
120378,110106
120379,110107
120380,110110
120381,110111
120382,110113
120383,120114
120384,120115
120385,120117
120386,120118
120387,110117
120388,110119
120389,121500
120390,110122
120391,120124
120392,121490
120393,120126
120394,110126
120395,120129
120396,110128
120397,110129
120398,120130
120399,120131
120400,110130
120401,110135
120402,110136
120403,120132
120404,120133
120405,120134
120406,110142
120407,110143
120408,120137
120409,110144
120410,120138
120411,120139
120412,110145
120413,110146
120414,110148
120415,110150
120416,110153
120417,120143
120418,110156
120419,120144
120420,120145
120421,110162
120422,110163
120423,110164
120424,110166
120425,110167
120426,110168
120427,110169
120428,120150
120429,120153
120430,110175
120431,120158
120432,120159
120433,120161
120434,120162
120435,110183
120436,120164
120437,120166
120438,120168
120439,120169
120440,110185
120441,120170
120442,110187
120443,120172
120444,110188
120445,120173
120446,110191
120447,110192
120448,120179
120449,110195
120450,120180
120451,121455
120452,120182
120453,120186
120454,121425
120455,120187
120456,120188
120457,110198
120458,110200
120459,120189
120460,120191
120461,110202
120462,121484
120463,120192
120464,110204
120465,120193
120466,110205
120467,110206
120468,120195
120469,120196
120470,120197
120471,110208
120472,120198
120473,110211
120474,120200
120475,110212
120476,120203
120477,120206
120478,110215
120479,121447
120480,120207
120481,120208
120482,110216
120483,120211
120484,110219
120485,110221
120486,110223
120487,120213
120488,110224
120489,120214
120490,120215
120491,120217
120492,120219
120493,110228
120494,120221
120495,120222
120496,110230
120497,121406
120498,120227
120499,120228
120500,120231
120501,110235
120502,121476
120503,110236
120504,120232
120505,120234
120506,120235
120507,120236
120508,110241
120509,110243
120510,110244
120511,120240
120512,110249
120513,110252
120514,110256
120515,110257
120516,110258
120517,120246
120518,120248
120519,120249
120520,110265
120521,110266
120522,120252
120523,110267
120524,110268
120525,120255
120526,110270
120527,110276
120528,110279
120529,120257
120530,110280
120531,120258
120532,120259
120533,120263
120534,120264
120535,120266
120536,120267
120537,110283
120538,120268
120539,120270
120540,110286
120541,110287
120542,110288
120543,110289
120544,110291
120545,110296
120546,110299
120547,110300
120548,121460
120549,110302
120550,121474
120551,120280
120552,110304
120553,120281
120554,120283
120555,120284
120556,120285
120557,110305
120558,110306
120559,110307
120560,120290
120561,120294
120562,110310
120563,110311
120564,120297
120565,121480
120566,120299
120567,120300
120568,120302
120569,110315
120570,110316
120571,120307
120572,120308
120573,110317
120574,120309
120575,110322
120576,110323
120577,120311
120578,120313
120579,110328
120580,120315
120581,121494
120582,110330
120583,110331
120584,120317
120585,120318
120586,120319
120587,120320
120588,120321
120589,110333
120590,120325
120591,120326
120592,120327
120593,120329
120594,110337
120595,110339
120596,110341
120597,120330
120598,110343
120599,110344
120600,120331
120601,121488
120602,120334
120603,120335
120604,120336
120605,110348
120606,120337
120607,110350
120608,110351
120609,110352
120610,120338
120611,110354
120612,120340
120613,110355
120614,120341
120615,110356
120616,120342
120617,110357
120618,120343
120619,110362
120620,110363
120621,120346
120622,110367
120623,121412
120624,120348
120625,110372
120626,120349
120627,120351
120628,110376
120629,120356
120630,110378
120631,120357
120632,110381
120633,120361
120634,110382
120635,110385
120636,120363
120637,120364
120638,120365
120639,121402
120640,110389
120641,110390
120642,120367
120643,120368
120644,110394
120645,120369
120646,120372
120647,120373
120648,110396
120649,120375
120650,110398
120651,110399
120652,120376
120653,110401
120654,120379
120655,110405
120656,110406
120657,120381
120658,110407
120659,110408
120660,120383
120661,120384
120662,110410
120663,110411
120664,120385
120665,120386
120666,120387
120667,110417
120668,110418
120669,120389
120670,120390
120671,110422
120672,120393
120673,110425
120674,110426
120675,120394
120676,110427
120677,120397
120678,120399
120679,120400
120680,110429
120681,110430
120682,110431
120683,120401
120684,110433
120685,110438
120686,120414
120687,110441
120688,120417
120689,110450
120690,110453
120691,110454
120692,110458
120693,110461
120694,110462
120695,110465
120696,120429
120697,120430
120698,121495
120699,110466
120700,110467
120701,110470
120702,110471
120703,120431
120704,110474
120705,120432
120706,110475
120707,120433
120708,110477
120709,110478
120710,120437
120711,120441
120712,110482
120713,120443
120714,120444
120715,120445
120716,110485
120717,120446
120718,110486
120719,110487
120720,121415
120721,110490
120722,120449
120723,120450
120724,110491
120725,110492
120726,110494
120727,110495
120728,120453
120729,120457
120730,121401
120731,120459
120732,110497
120733,110498
120734,120460
120735,120462
120736,120463
120737,120464
120738,120466
120739,120469
120740,110501
120741,120471
120742,120472
120743,110502
120744,110504
120745,120473
120746,120474
120747,110507
120748,110508
120749,110509
120750,110510
120751,120479
120752,120480
120753,120481
120754,110512
120755,110514
120756,110515
120757,120484
120758,110516
120759,120485
120760,110517
120761,120490
120762,110524
120763,120494
120764,120495
120765,110527
120766,120497
120767,110530
120768,110531
120769,110532
120770,110533
120771,120498
120772,110535
120773,110536
120774,120502
120775,120503
120776,120504
120777,110538
120778,120505
120779,120506
120780,120507
120781,110540
120782,110544
120783,110546
120784,110547
120785,110549
120786,120511
120787,120512
120788,120513
120789,110556
120790,120515
120791,120516
120792,110559
120793,110560
120794,110561
120795,110562
120796,110563
120797,110566
120798,110567
120799,110568
120800,120521
120801,120522
120802,110570
120803,120525
120804,110573
120805,120001
120806,120002
120807,120003
120808,120006
120809,110001
120810,110004
120811,110011
120812,110016
120813,110017
120814,110018
120815,120011
120816,110020
120817,110023
120818,110024
120819,110027
120820,110029
120821,120019
120822,120020
120823,110031
120824,120023
120825,110035
120826,110036
120827,120024
120828,110038
120829,120026
120830,110040
120831,110041
120832,120027
120833,120028
120834,120029
120835,120032
120836,110043
120837,120035
120838,120036
120839,110049
120840,120043
120841,120044
120842,120046
120843,110050
120844,120048
120845,120049
120846,120051
120847,110053
120848,120056
120849,110057
120850,110058
120851,110059
120852,120058
120853,120059
120854,120060
120855,110061
120856,110064
120857,120065
120858,120066
120859,120068
120860,110066
120861,110067
120862,120069
120863,110068
120864,120073
120865,120076
120866,120077
120867,120078
120868,120081
120869,110072
120870,110073
120871,110074
120872,110075
120873,120086
120874,110079
120875,110080
121401,110199
121402,120097
121403,110347
121404,120500
121406,110811
121406,120293
121409,110543
121410,110086
121410,110952
121411,110380
121412,120077
121413,110345
121414,120023
121415,110194
121417,120005
121419,121426
121420,120274
121421,110312
121421,110814
121422,110056
121423,120407
121424,110169
121424,120852
121425,110273
121425,110781
121426,120015
121428,110237
121429,110505
121430,120424
121431,110481
121432,110221
121432,120809
121433,120277
121437,110152
121437,110937
121439,110807
121439,120287
121440,110137
121442,120055
121445,110051
121447,110294
121447,120734
121449,110456
121451,120290
121451,120751
121452,110760
121452,120239
121455,110268
121455,120708
121456,110392
121457,120065
121460,120005
121462,110321
121462,110829
121464,110420
121466,120421
121468,110526
121474,110003
121475,120251
121476,110819
121476,120302
121477,110022
121480,110024
121483,110444
121484,110281
121484,120717
121488,110057
121489,120063
121490,110919
121490,120192
121492,120438
121494,110044
121495,120154
121497,120012
121499,120160
121500,110201
121500,110913
